{"cameraMode":{"drawMode":0,"name":"Shaded","section":"Shading Mode"},"sceneLighting":false,"audioPlay":false,"sceneViewState":{"showFog":true,"showMaterialUpdate":false,"showSkybox":false,"showFlares":true,"showImageEffects":true,"showParticleSystems":true},"in2DMode":false,"pivot":{"x":3.1312811374664308,"y":0.9789583683013916,"z":10.428152084350586},"rotation":{"x":0.038794081658124927,"y":0.6629907488822937,"z":-0.03443871811032295,"w":0.7468302249908447},"size":0.9345272779464722,"orthographic":false}