{"cameraMode":{"drawMode":0,"name":"Shaded","section":"Shading Mode"},"sceneLighting":false,"audioPlay":false,"sceneViewState":{"showFog":true,"showMaterialUpdate":false,"showSkybox":false,"showFlares":true,"showImageEffects":true,"showParticleSystems":true},"in2DMode":false,"pivot":{"x":9.247828483581543,"y":-2.3332338333129885,"z":19.040542602539064},"rotation":{"x":0.6554445624351502,"y":0.3265790641307831,"z":-0.3778093457221985,"w":0.5665678381919861},"size":10.766528129577637,"orthographic":false}